{"cameraMode":{"drawMode":0,"name":"Shaded","section":"Shading Mode"},"sceneLighting":true,"audioPlay":false,"sceneViewState":{"showFog":true,"showMaterialUpdate":false,"showSkybox":true,"showFlares":true,"showImageEffects":true,"showParticleSystems":true},"in2DMode":false,"pivot":{"x":-14.682879447937012,"y":-6.031170845031738,"z":-0.2708832323551178},"rotation":{"x":-0.15146493911743165,"y":0.696379542350769,"z":-0.15412330627441407,"w":-0.6843683123588562},"size":10.0,"orthographic":false}